feature,index
10,0
100,1
101,2
10k,3
10th,4
11,5
12,6
14ers,7
20,8
2010,9
2012,10
20s,11
21,12
221,13
24,14
25,15
2nd,16
30,17
30s,18
35,19
35s,20
360,21
365,22
39,23
3d,24
3dsmax,25
40,26
40ish,27
40k,28
40s,29
45,30
49ers,31
4th,32
4x4,33
4x4s,34
50,35
50s,36
55,37
5d,38
5k,39
60,40
60ish,41
60s,42
60smusic,43
70,44
70smusic,45
80s,46
80smusic,47
911,48
912,49
abduction,50
abraham,51
abrahamhicks,52
abroad,53
abs,54
abundance,55
abuse,56
abusesurvivors,57
ac,58
academy,59
acappella,60
accent,61
acceptance,62
access,63
accountability,64
accountants,65
accounting,66
accountsoftware,67
achieve,68
achievement,69
achieving,70
acim,71
aclu,72
acoustic,73
acqua,74
acrobat,75
acrylic,76
act,77
actforlove,78
acting,79
action,80
actionscript,81
actitivies,82
activation,83
active,84
activedogs,85
activism,86
activists,87
activites,88
activities,89
activity,90
actors,91
actresses,92
acts,93
acupressure,94
acupuncture,95
ad,96
add,97
addcare,98
addiction,99
addicts,100
adhd,101
administration,102
admirers,103
admissions,104
adobe,105
adoption,106
adrenaline,107
adsense,108
adult,109
adultadd,110
adultent,111
adultindigo,112
adults,113
advaita,114
advanced,115
adventure,116
adventureracing,117
adventurers,118
adventures,119
advertising,120
advice,121
advisors,122
advisory,123
advocacy,124
advocates,125
adwords,126
adyashanti,127
aerial,128
aerobics,129
afc,130
affairs,131
affiliate,132
affordably,133
afh,134
africa,135
african,136
africana,137
africanamerauth,138
africanmusic,139
africans,140
afro,141
afsb,142
aftereffects,143
afterlife,144
afternoon,145
afterwork,146
age,147
aged,148
agent,149
agents,150
ages,151
agile,152
agility,153
aging,154
agnostic,155
agnosticism,156
agricola,157
agriculture,158
aho,159
ai,160
aid,161
aikido,162
air,163
aircraft,164
airplanes,165
airport,166
airsoft,167
ajax,168
akashic,169
alan,170
alchemy,171
alcohol,172
alcoholism,173
algorithmic,174
alien,175
alignment,176
alive,177
alkaline,178
allages,179
allergies,180
allthingsindie,181
alongs,182
alpine,183
alt,184
altcountry,185
alteredbooks,186
alternaparent,187
alternativa,188
alternative,189
alternativeenergy,190
alternativelifestyle,191
alternatives,192
alto,193
alttomarriage,194
alumni,195
alzheimers,196
amateur,197
amazon,198
ambiente,199
ambull,200
amendment,201
amerhistory,202
america,203
americagetonline,204
american,205
americans,206
ameritrash,207
amnestyintern,208
amplifying,209
amsterdam,210
amtgard,211
anachronism,212
analysis,213
analysts,214
analytics,215
anarchism,216
anarcho,217
anarchy,218
ancient,219
ancientegypt,220
andean,221
android,222
angel,223
angeles,224
angelic,225
angels,226
angermgt,227
anglais,228
anglers,229
anglo,230
anglophile,231
animal,232
animalrescue,233
animalrights,234
animals,235
animaltalk,236
animalwelfare,237
animation,238
anime,239
anorexia,240
anthropology,241
anti,242
antiaging,243
antique,244
antiques,245
antonio,246
anxiety,247
apache,248
apartment,249
apbt,250
apis,251
app,252
appcelerator,253
apple,254
applestoapples,255
application,256
applications,257
applied,258
appreciate,259
appreciation,260
approaching,261
apps,262
aprilia,263
aqal,264
aquaponics,265
arab,266
arabic,267
arabpro,268
archaeology,269
archery,270
archetypes,271
architects,272
architectural,273
architecture,274
arduino,275
area,276
arent,277
arg,278
argentina,279
argentine,280
argentinian,281
arizona,282
arkansas,283
arlington,284
army,285
arobbins,286
aromatherapy,287
art,288
arthistory,289
arthouse,290
arthritis,291
articles,292
artificial,293
artisan,294
artist,295
artistic,296
artists,297
artistsway,298
artisttradingcards,299
artmodeling,300
arts,301
arttherapy,302
asatru,303
ascended,304
ascension,305
asheville,306
ashtanga,307
asia,308
asian,309
asianpros,310
asians,311
asl,312
asp,313
aspca,314
asperger,315
aspergers,316
aspiring,317
assemblageart,318
asset,319
assist,320
assistance,321
assisted,322
association,323
associations,324
assurance,325
asteriskpbx,326
asthma,327
astoria,328
astral,329
astralprojection,330
astrological,331
astrology,332
astronomy,333
astrophotography,334
astrophysics,335
atc,336
atheism,337
atheist,338
atheistic,339
atheists,340
athlete,341
athletes,342
athletic,343
athletics,344
atlanta,345
atlassian,346
attachmentparenting,347
attention,348
attiva,349
attivismo,350
attorney,351
attorneys,352
attract,353
attracting,354
attraction,355
attractive,356
atv,357
auction,358
auctions,359
audio,360
audit,361
auditioning,362
audits,363
augmented,364
aura,365
auras,366
aussie,367
austin,368
australian,369
austrian,370
authentic,371
authenticity,372
author,373
authors,374
autism,375
autistic,376
auto,377
autodesk,378
autoimmune,379
automation,380
automotive,381
autoracing,382
aviation,383
avid,384
awakening,385
awakenings,386
awareness,387
aways,388
awesome,389
axisallies,390
aynrand,391
ayurveda,392
azure,393
b2b,394
babies,395
baby,396
babyboomer,397
babysigning,398
bachata,399
bachelorette,400
backcountry,401
backgammon,402
backpackers,403
backpacking,404
backyard,405
bad,406
badminton,407
bagging,408
baking,409
balance,410
balanced,411
balancing,412
balboa,413
ball,414
ballet,415
ballooning,416
ballroom,417
ballroomdance,418
baltimore,419
band,420
bands,421
bangalore,422
bangladesh,423
banjo,424
bank,425
banking,426
bar,427
barackobama,428
barbara,429
barbeque,430
barcelona,431
barefoot,432
bargainhunters,433
baroque,434
bars,435
bartend,436
barter,437
bartering,438
baruch,439
base,440
baseball,441
based,442
basic,443
basics,444
basketball,445
bass,446
basso,447
bath,448
bathing,449
bathroom,450
battle,451
battlestargalactica,452
bay,453
bbq,454
bbqs,455
bbw,456
bc,457
bcs,458
bdsm,459
beach,460
beachbody,461
beaches,462
bead,463
beading,464
beadwork,465
beagles,466
beararms,467
bears,468
beautiful,469
beauty,470
beautyindustry,471
beck,472
beekeeping,473
beer,474
beginner,475
beginners,476
beginning,477
behavior,478
behavioral,479
behaviour,480
beings,481
belgian,482
beliefs,483
belly,484
bellydance,485
benefits,486
beppegrillo,487
berkeley,488
best,489
bethesda,490
better,491
betterhealth,492
bfl,493
bhagavad,494
bhakti,495
bhangra,496
bi,497
bible,498
biblestudy,499
bicycle,500
bicycling,501
bidwhist,502
big,503
bigband,504
bike,505
bikers,506
bikes,507
biking,508
bilingual,509
billiards,510
bio,511
biodiesel,512
biodynamic,513
biofeedback,514
biography,515
bioinformatics,516
biological,517
biology,518
biotech,519
bipolar,520
biracial,521
bird,522
birds,523
birdwatching,524
birt,525
birth,526
birthday,527
birthing,528
bisexual,529
bitch,530
bitcoin,531
biz,532
bizcoaching,533
biztechday,534
black,535
blackberry,536
blackbiz,537
blackexpressions,538
blackhawks,539
blackology,540
blade,541
blading,542
blast,543
bleep,544
blender,545
blending,546
blessing,547
blind,548
bliss,549
block,550
blockbuster,551
blog,552
blogger,553
bloggers,554
blogging,555
blogs,556
blood,557
blue,558
bluegrass,559
blueprint,560
blues,561
bmw,562
bnei,563
bni,564
board,565
boardgames,566
boarding,567
boards,568
boat,569
boating,570
bob,571
bobbarr,572
boca,573
bocce,574
body,575
bodybuilding,576
bodywork,577
boffer,578
bollywood,579
bon,580
boogie,581
book,582
bookarts,583
bookclub,584
bookcrossing,585
bookkeeping,586
books,587
boomer,588
boomers,589
boost,590
boot,591
bootcamp,592
bootstrap,593
bootstrapping,594
bordc,595
border,596
bornagain,597
bossanova,598
boston,599
bostonterrier,600
botany,601
boudoir,602
boulder,603
bouldering,604
bowling,605
bowls,606
box,607
boxer,608
boxing,609
brain,610
brainstorming,611
brampton,612
brand,613
branding,614
brasil,615
brasileiros,616
brazil,617
brazilian,618
brazilians,619
break,620
breakdance,621
breakers,622
breakfast,623
breakfastclub,624
breaking,625
breakup,626
breastfeeding,627
breath,628
breathing,629
breathwork,630
breed,631
breeds,632
brewed,633
brewery,634
brewing,635
bridal,636
brides,637
bridge,638
brights,639
brisbane,640
brit,641
britcoms,642
british,643
broadcasting,644
broadcasts,645
broadway,646
broker,647
brokers,648
broncos,649
brooklyn,650
brotherhood,651
broward,652
browncoats,653
browsers,654
bruins,655
brunch,656
brunchclub,657
bucket,658
bucks,659
buddha,660
buddhism,661
buddhist,662
buddies,663
budget,664
buffs,665
buffy,666
build,667
builder,668
building,669
buildings,670
buisness,671
bull,672
bulldog,673
bulldogs,674
bulls,675
bully,676
bunco,677
bunko,678
burbank,679
burlesque,680
burlington,681
burningman,682
bus,683
buscaglia,684
bushwalking,685
business,686
businessactivist,687
businesses,688
businessintell,689
businessnetwork,690
buy,691
buyers,692
buying,693
buylocal,694
byob,695
byron,696
byronkatie,697
ca,698
cabaret,699
cad,700
cafe,701
cajun,702
cake,703
cakedecorating,704
cakephp,705
calabria,706
calgary,707
california,708
calligraphy,709
callofduty,710
cambridge,711
camera,712
cameras,713
camp,714
campaign,715
campaigns,716
campers,717
camping,718
camps,719
canada,720
canadian,721
canadians,722
canasta,723
cancer,724
candidates,725
canine,726
cannabis,727
canning,728
canoe,729
canoeing,730
canoing,731
canon,732
canslim,733
cantonese,734
canyoneering,735
canyoning,736
capella,737
capital,738
capitalism,739
capitalist,740
capoeira,741
cappuccino,742
capturetheflag,743
car,744
carbon,745
carcassonne,746
carclub,747
card,748
cardgame,749
cardio,750
cardmaking,751
cards,752
care,753
career,754
careerclub,755
careers,756
caregiver,757
caregivers,758
caretakers,759
carfree,760
caribbean,761
caring,762
carljung,763
carolina,764
carry,765
cars,766
cartoonists,767
cash,768
cashflow,769
casino,770
cassandra,771
casting,772
casual,773
cat,774
caterer,775
catering,776
catholic,777
catrescue,778
cats,779
cause,780
cavalier,781
cavalierspaniel,782
caveman,783
caving,784
cayce,785
ccskiing,786
cdc,787
celebrating,788
celebration,789
celebrity,790
celestineproph,791
celiacdisease,792
cello,793
celtic,794
celticculture,795
celticmusic,796
celtics,797
censorship,798
center,799
centers,800
central,801
centred,802
ceo,803
ceramic,804
ceremonial,805
ceremony,806
certification,807
certified,808
cfa,809
cfr,810
cfs,811
cg,812
cha,813
chakra,814
chakras,815
challenge,816
challenges,817
chamber,818
champagne,819
change,820
changes,821
changing,822
channel,823
channeling,824
chant,825
chanting,826
chaos,827
character,828
charcoal,829
charitable,830
charity,831
charles,832
charleston,833
charlotte,834
chat,835
cheap,836
cheese,837
chef,838
chefs,839
chemistry,840
chess,841
chevy,842
chevyvolt,843
chi,844
chicago,845
chick,846
chicken,847
chickens,848
chics,849
chihuahua,850
child,851
childcare,852
childfree,853
childhood,854
childless,855
children,856
childrens,857
childrensfic,858
chile,859
chill,860
china,861
chinese,862
chinesemed,863
ching,864
chiropractic,865
chocolate,866
chodron,867
chogyam,868
choice,869
choices,870
choir,871
choral,872
choreography,873
chorus,874
christ,875
christian,876
christianity,877
christianmin,878
christianmus,879
christianmystic,880
christians,881
christiansingles,882
christiansocial,883
chrome,884
chronic,885
chronicillness,886
chronicpain,887
chuan,888
chun,889
church,890
churchandstate,891
chwriters,892
cigar,893
cinema,894
cinematography,895
cinque,896
circle,897
circles,898
circus,899
ciscosystems,900
cissp,901
cities,902
citizen,903
citizendemocracy,904
citizens,905
citizenship,906
cittadinanza,907
city,908
cityblogging,909
civic,910
civica,911
civil,912
civilrights,913
clairvoyance,914
clairvoyant,915
class,916
classes,917
classic,918
classical,919
classicfilms,920
classics,921
clay,922
clean,923
cleaning,924
cleansing,925
cleanups,926
clear,927
clearing,928
cleveland,929
click,930
clickertrain,931
client,932
climate,933
climbing,934
clinic,935
clinical,936
clinics,937
clipping,938
clojure,939
close,940
clothes,941
clothesswap,942
clothing,943
cloud,944
club,945
clubbing,946
clubs,947
clutter,948
cms,949
coach,950
coaching,951
coarse,952
coast,953
coastal,954
coasttocoast,955
cocktail,956
cocktails,957
cocoa,958
cocos2d,959
code,960
codependence,961
codes,962
coding,963
coed,964
coffee,965
coffeehouse,966
cofounderslab,967
cognitive,968
cohousing,969
coldfusion,970
collaboration,971
collaborative,972
collage,973
collecting,974
collective,975
collectors,976
college,977
collegefootball,978
collegelife,979
colombian,980
color,981
colorado,982
com,983
combat,984
come,985
comedic,986
comedy,987
comic,988
comics,989
coming,990
commerce,991
commercial,992
commgardens,993
commodities,994
commodity,995
common,996
communal,997
communication,998
communications,999
communities,1000
community,1001
communitybuilders,1002
communityorg,1003
commuting,1004
companion,1005
companions,1006
company,1007
comparative,1008
compassion,1009
compassionate,1010
competition,1011
competitive,1012
complementary,1013
compliance,1014
composers,1015
composition,1016
composting,1017
comptutor,1018
computer,1019
computing,1020
comuni,1021
concealed,1022
concepts,1023
concert,1024
concerts,1025
conciousness,1026
concurrent,1027
conditioning,1028
condo,1029
conference,1030
confidence,1031
configuration,1032
conflict,1033
confluence,1034
congress,1035
connect,1036
connecticut,1037
connecting,1038
connection,1039
connections,1040
connettivita,1041
conscious,1042
consciousness,1043
conservation,1044
conservative,1045
conservatives,1046
console,1047
conspiracy,1048
constellations,1049
constitution,1050
constitutional,1051
constitutionalist,1052
constitutionparty,1053
construction,1054
consultant,1055
consultants,1056
consulting,1057
contact,1058
contacts,1059
contemplation,1060
contemplative,1061
contemporary,1062
content,1063
continuing,1064
continuous,1065
contra,1066
contractors,1067
contracts,1068
control,1069
conventions,1070
conversaciones,1071
conversation,1072
conversational,1073
conversations,1074
conversazione,1075
converts,1076
cook,1077
cooking,1078
cool,1079
cooperation,1080
cooperative,1081
copywriting,1082
core,1083
corporate,1084
cosmetics,1085
cosmology,1086
cosplay,1087
cost,1088
costume,1089
costumemake,1090
costuming,1091
cougar,1092
cougars,1093
counseling,1094
countries,1095
country,1096
countrymusic,1097
county,1098
couples,1099
coupon,1100
coupons,1101
course,1102
courses,1103
cowboys,1104
coworking,1105
cpa,1106
cpr,1107
craft,1108
crafting,1109
crafts,1110
craftsellers,1111
craftsmanship,1112
craftswap,1113
crawling,1114
crawls,1115
crazy,1116
create,1117
creating,1118
creation,1119
creative,1120
creativecircle,1121
creativenonfic,1122
creativity,1123
creators,1124
credit,1125
crew,1126
cribbage,1127
cricket,1128
critical,1129
critique,1130
crm,1131
crochet,1132
crocheting,1133
crop,1134
cropcircles,1135
crops,1136
cross,1137
crosscountry,1138
crosscultural,1139
crossdress,1140
crossfit,1141
crossfitters,1142
crossstitch,1143
crowdsourcing,1144
cruise,1145
cruiser,1146
cruiserbike,1147
cruises,1148
cruising,1149
cryptozoology,1150
crystal,1151
crystals,1152
cs,1153
csharp,1154
csr,1155
css,1156
css3,1157
ct,1158
cthulhu,1159
cuban,1160
cubana,1161
cubanculture,1162
cubs,1163
cuda,1164
cuddle,1165
cuddling,1166
cuisine,1167
culinary,1168
cult,1169
cultfilm,1170
cultivation,1171
cultural,1172
culturalcreatives,1173
culture,1174
culturecircle,1175
cultures,1176
culver,1177
cumbia,1178
cup,1179
cupcakes,1180
curious,1181
curly,1182
currencies,1183
currency,1184
current,1185
currentevents,1186
custom,1187
customer,1188
customers,1189
customization,1190
cut,1191
cwg,1192
cycle,1193
cycling,1194
cyclists,1195
czech,1196
d20,1197
dachshund,1198
dacquisto,1199
dad,1200
daddy,1201
dads,1202
daily,1203
dairy,1204
dal,1205
dalai,1206
dallas,1207
dallascowboys,1208
dan,1209
dance,1210
dancehall,1211
dancers,1212
dances,1213
dancing,1214
dane,1215
danes,1216
danish,1217
dark,1218
darts,1219
data,1220
database,1221
databasepro,1222
databases,1223
datamanagement,1224
date,1225
dates,1226
dating,1227
david,1228
daviddeida,1229
davidson,1230
day,1231
days,1232
daytime,1233
daytraders,1234
daytrips,1235
dc,1236
ddn,1237
deaf,1238
dealing,1239
deals,1240
dean,1241
death,1242
debate,1243
debateclub,1244
debates,1245
debt,1246
declutter,1247
decor,1248
decorating,1249
decrescita,1250
deeksha,1251
deep,1252
defence,1253
defending,1254
defense,1255
deficit,1256
del,1257
deliberate,1258
delicious,1259
dementia,1260
democracy,1261
democrat,1262
democrats,1263
democrazia,1264
demos,1265
dental,1266
denver,1267
depression,1268
desi,1269
design,1270
designed,1271
designer,1272
designers,1273
desis,1274
dessert,1275
destinations,1276
detox,1277
detroit,1278
deutsch,1279
deutsche,1280
deutsches,1281
develop,1282
developer,1283
developers,1284
developing,1285
development,1286
developpement,1287
device,1288
devices,1289
devoloping,1290
devops,1291
devotional,1292
dfa,1293
dfw,1294
dharma,1295
di,1296
diabetes,1297
dialogue,1298
diamond,1299
diaspora,1300
diego,1301
diet,1302
difference,1303
digcam,1304
digital,1305
digitalart,1306
digitalvideo,1307
dim,1308
dimensional,1309
dine,1310
dineouts,1311
diners,1312
dining,1313
diningout,1314
dinks,1315
dinner,1316
dinners,1317
dinning,1318
diplomacy,1319
direct,1320
directed,1321
directing,1322
direction,1323
directors,1324
diretta,1325
dirtbike,1326
disabilities,1327
disability,1328
disabilityrts,1329
disaster,1330
discgolf,1331
disco,1332
discounts,1333
discover,1334
discovering,1335
discovery,1336
discuss,1337
discussion,1338
discussions,1339
disease,1340
diseases,1341
dish,1342
disney,1343
disorder,1344
disorders,1345
distance,1346
distanthealing,1347
distressed,1348
distributed,1349
diva,1350
divas,1351
dive,1352
divers,1353
diverse,1354
diversity,1355
divination,1356
divine,1357
diving,1358
divorce,1359
divorced,1360
divorcesupport,1361
diy,1362
dj,1363
django,1364
djs,1365
dkpublishing,1366
dna,1367
dnd,1368
docfilm,1369
doctors,1370
documentaries,1371
documentary,1372
dodgeball,1373
does,1374
dog,1375
dogbreeders,1376
doggie,1377
doglaws,1378
dogrescue,1379
dogs,1380
dogtraining,1381
doing,1382
dojos,1383
dollhouse,1384
dolphins,1385
domain,1386
domestic,1387
domesviolence,1388
domination,1389
dominion,1390
dominos,1391
dont,1392
dotnet,1393
double,1394
doubles,1395
doula,1396
doumbek,1397
downhill,1398
downtown,1399
dowsing,1400
dps,1401
dr,1402
dragon,1403
dragonboating,1404
dragons,1405
dragqueen,1406
drama,1407
dramatic,1408
draw,1409
drawing,1410
dream,1411
dreaming,1412
dreams,1413
dreamweaver,1414
dressage,1415
drink,1416
drinkers,1417
drinking,1418
drinks,1419
drive,1420
driven,1421
driving,1422
drug,1423
drugpolicy,1424
druid,1425
drum,1426
drumcircle,1427
drumming,1428
drumnbass,1429
drums,1430
drupal,1431
drwho,1432
dslr,1433
du,1434
dual,1435
dualimmersion,1436
duality,1437
dubai,1438
dubstep,1439
ducati,1440
dumpsterdiving,1441
dungeons,1442
durham,1443
dutch,1444
dv,1445
dvd,1446
dynamic,1447
dynamics,1448
dzogchen,1449
eagles,1450
early,1451
earning,1452
earon,1453
earth,1454
east,1455
eastern,1456
easy,1457
eat,1458
eating,1459
eatingdisorder,1460
eats,1461
eatting,1462
ebay,1463
ebaysell,1464
ebizowners,1465
ebook,1466
ec2,1467
eckankar,1468
eckhart,1469
eclipse,1470
eco,1471
ecology,1472
ecommerce,1473
economic,1474
economics,1475
economy,1476
ecotourism,1477
ecotuesday,1478
ecstatic,1479
ed,1480
edgar,1481
edible,1482
edinburgh,1483
editing,1484
edition,1485
editorial,1486
editors,1487
edtech,1488
education,1489
educational,1490
educators,1491
effective,1492
effects,1493
efficiency,1494
eft,1495
egyptian,1496
elder,1497
eldercare,1498
electing,1499
electionreform,1500
electric,1501
electricscooter,1502
electronic,1503
electronicmusic,1504
electronics,1505
elements,1506
elvis,1507
em,1508
email,1509
embedded,1510
embroidery,1511
emergencies,1512
emergency,1513
emergentchristian,1514
emerging,1515
emotional,1516
emotions,1517
empath,1518
empire,1519
employed,1520
employment,1521
empowered,1522
empowering,1523
empowerment,1524
emprendimiento,1525
emptynest,1526
en,1527
end,1528
ending,1529
endpoverty,1530
endthefed,1531
endurance,1532
enduro,1533
energetics,1534
energia,1535
energie,1536
energies,1537
energy,1538
energyhealers,1539
engaged,1540
engagement,1541
engaging,1542
engbulldog,1543
engine,1544
engineering,1545
engineers,1546
england,1547
english,1548
engpremleague,1549
enhancing,1550
enjoy,1551
enjoying,1552
enlightenment,1553
enneagram,1554
enquiry,1555
enrichment,1556
entarchitecture,1557
enterprenurs,1558
enterprise,1559
entertain,1560
entertaining,1561
entertainment,1562
enthusiasts,1563
entrepeneurs,1564
entrepreneur,1565
entrepreneurial,1566
entrepreneurs,1567
entrepreneurship,1568
environment,1569
environmental,1570
environmentally,1571
enviropros,1572
epilepsy,1573
epistemology,1574
equality,1575
equestrian,1576
equine,1577
equipment,1578
equities,1579
equity,1580
era,1581
erlang,1582
ernestholmes,1583
erotic,1584
esl,1585
esoteric,1586
esotericism,1587
espanol,1588
esri,1589
essen,1590
essential,1591
estate,1592
esteem,1593
et,1594
etf,1595
ethical,1596
ethics,1597
ethnic,1598
etolle,1599
etsy,1600
euchre,1601
euro,1602
eurofootball,1603
eurogames,1604
europe,1605
european,1606
europeans,1607
ev,1608
evangelism,1609
evening,1610
event,1611
eventplanning,1612
events,1613
evidence,1614
evolution,1615
evolutionary,1616
evolutionarybiz,1617
evp,1618
ex,1619
exam,1620
excel,1621
excercise,1622
exchange,1623
exchangestud,1624
exchicago,1625
exciting,1626
exclusive,1627
excursions,1628
exeastcoast,1629
executive,1630
executives,1631
exercise,1632
exercises,1633
exhawaiians,1634
exhibit,1635
exhibitions,1636
existentialism,1637
existentialist,1638
exmidwest,1639
exnewyorkers,1640
exopolitics,1641
exotic,1642
exoticrescue,1643
expansion,1644
expat,1645
expatcaribbean,1646
expatchinese,1647
expateurasian,1648
expatfilipinos,1649
expatfrench,1650
expatgerman,1651
expatirish,1652
expatitalian,1653
expatjapanese,1654
expatkorean,1655
expatmalaysian,1656
expatnewzealander,1657
expatpolish,1658
expatportuguese,1659
expatriados,1660
expatriate,1661
expatriates,1662
expatrussian,1663
expats,1664
expatsa,1665
expatscottish,1666
expatspanish,1667
expatswedish,1668
expatswiss,1669
expattaiwanese,1670
expecting,1671
experience,1672
experienced,1673
experiences,1674
experimental,1675
expert,1676
exploration,1677
explore,1678
explorers,1679
exploring,1680
expo,1681
expression,1682
expressionengine,1683
expressive,1684
exsoutherners,1685
ext,1686
extension,1687
extraterrestrial,1688
extreme,1689
fabric,1690
fabulous,1691
face,1692
facebook,1693
faeries,1694
fair,1695
fairfax,1696
fairs,1697
fairtax,1698
fairtrade,1699
faith,1700
families,1701
family,1702
fan,1703
fanfic,1704
fans,1705
fantasy,1706
fantbaseball,1707
fantfootball,1708
farm,1709
farmanimals,1710
farmersmarket,1711
farming,1712
farms,1713
farscape,1714
farsi,1715
fashion,1716
fashionista,1717
fast,1718
fat,1719
fathers,1720
fathersrights,1721
fatigue,1722
fatpride,1723
favorite,1724
fear,1725
fears,1726
fed,1727
felice,1728
fellow,1729
fellowship,1730
female,1731
females,1732
fembikers,1733
feminine,1734
feminism,1735
feminist,1736
fencing,1737
feng,1738
fengshui,1739
feralcat,1740
fermented,1741
fernando,1742
festival,1743
festivals,1744
fetish,1745
fetishes,1746
ffd,1747
fi,1748
fiber,1749
fibonacci,1750
fibromyalgia,1751
fiction,1752
fiddle,1753
field,1754
fightbigmedia,1755
fighter,1756
fighting,1757
figurative,1758
figure,1759
figuredrawing,1760
filipino,1761
film,1762
filmind,1763
filmissport,1764
filmmakers,1765
filmmaking,1766
films,1767
finance,1768
financial,1769
financialchaos,1770
financialeng,1771
financing,1772
finding,1773
fine,1774
fingers,1775
finish,1776
firearms,1777
firefly,1778
fireperformers,1779
firms,1780
fiscal,1781
fishing,1782
fit,1783
fitness,1784
fitnesspros,1785
fix,1786
flag,1787
flagfootball,1788
flamenco,1789
flash,1790
flat,1791
fleamarkets,1792
flex,1793
flexibility,1794
flickrfan,1795
flicks,1796
flight,1797
flightsim,1798
flip,1799
flipping,1800
flirting,1801
floor,1802
florida,1803
florist,1804
flow,1805
flower,1806
flowers,1807
fly,1808
flyers,1809
flying,1810
focus,1811
folk,1812
follow,1813
followers,1814
following,1815
food,1816
foodie,1817
foodies,1818
foods,1819
foot,1820
football,1821
foraging,1822
foreclosure,1823
foreclosures,1824
foreign,1825
foreigner,1826
forest,1827
forex,1828
forextrading,1829
forgiveness,1830
format,1831
forms,1832
formula,1833
formula1,1834
fort,1835
forthepeople,1836
forum,1837
forward,1838
foster,1839
fostering,1840
fotografia,1841
foundart,1842
founder,1843
founders,1844
founding,1845
fourth,1846
fourwheelers,1847
framework,1848
frameworks,1849
francais,1850
francaise,1851
france,1852
francis,1853
francisco,1854
francophiles,1855
francophone,1856
fraternalism,1857
fraternity,1858
free,1859
freediving,1860
freedom,1861
freedomforce,1862
freedomofreligion,1863
freeform,1864
freegan,1865
freelance,1866
freelancers,1867
freemasonry,1868
freemasons,1869
freepublicity,1870
freereuse,1871
freerunning,1872
freestyle,1873
freethinker,1874
french,1875
frenchbulldog,1876
fresh,1877
friday,1878
friend,1879
friendhips,1880
friendly,1881
friends,1882
friendship,1883
friendships,1884
friendsoutside,1885
fright,1886
frisbee,1887
frugal,1888
frugalliving,1889
fsf,1890
fu,1891
fulfillment,1892
fun,1893
functional,1894
functioning,1895
fund,1896
fundamental,1897
funding,1898
fundraiser,1899
fundraisers,1900
fundraising,1901
funds,1902
funk,1903
furries,1904
fused,1905
fusion,1906
futbol,1907
future,1908
futureofnews,1909
futures,1910
futurism,1911
futurists,1912
fx,1913
ga,1914
gaelic,1915
galactic,1916
galleries,1917
gallery,1918
gals,1919
gambling,1920
game,1921
gamedev,1922
gameprog,1923
gamers,1924
games,1925
gamification,1926
gaming,1927
gang,1928
gangaji,1929
garden,1930
gardening,1931
gardens,1932
gary,1933
gas,1934
gather,1935
gatherer,1936
gathering,1937
gatherings,1938
gay,1939
gaychristians,1940
gaycouples,1941
gaydads,1942
gayparents,1943
gaypros,1944
gayrights,1945
gear,1946
geek,1947
geeks,1948
gender,1949
genealogy,1950
general,1951
generalized,1952
generate,1953
generation,1954
genetics,1955
gentle,1956
genuine,1957
genx,1958
geo,1959
geocaching,1960
geography,1961
geolocation,1962
geology,1963
geometry,1964
geospatial,1965
german,1966
germanic,1967
germany,1968
gershep,1969
getaways,1970
getting,1971
gettingthingsdone,1972
ghost,1973
ghosts,1974
ghosttowns,1975
gian,1976
giant,1977
gifted,1978
gifts,1979
gigs,1980
girl,1981
girlfriend,1982
girlfriends,1983
girls,1984
girlsintech,1985
gis,1986
gita,1987
giustizia,1988
giving,1989
glamour,1990
glasgow,1991
glass,1992
glassart,1993
glbt,1994
glbtpagans,1995
glenn,1996
glennbeck,1997
gli,1998
global,1999
globalization,2000
globalwarming,2001
gluten,2002
gmat,2003
gnosis,2004
gnostic,2005
goal,2006
goals,2007
god,2008
goddess,2009
goers,2010
going,2011
gokarts,2012
gold,2013
golden,2014
goldens,2015
golf,2016
golfer,2017
golfers,2018
golfing,2019
gong,2020
gongfu,2021
good,2022
google,2023
goooh,2024
gorilla,2025
gos,2026
gospel,2027
goth,2028
gothic,2029
gourmet,2030
governance,2031
government,2032
governor,2033
govtworker,2034
gpgpu,2035
gps,2036
gpu,2037
grads,2038
gradschool,2039
graduate,2040
graduates,2041
graffiti,2042
grails,2043
grant,2044
graph,2045
graphic,2046
graphicdesign,2047
graphics,2048
grappling,2049
grass,2050
grassroots,2051
grassrootsprog,2052
gratefuldead,2053
gratitude,2054
gratuita,2055
gre,2056
great,2057
greatdane,2058
greater,2059
greek,2060
green,2061
greenhome,2062
greenpeace,2063
greenpoint,2064
greenwich,2065
greet,2066
greyhound,2067
grid,2068
gridcomputing,2069
grief,2070
grilling,2071
groovy,2072
group,2073
groupart,2074
groups,2075
grow,2076
growing,2077
grown,2078
growth,2079
gruppi,2080
gta,2081
gtug,2082
guerrilla,2083
guest,2084
gui,2085
guidance,2086
guided,2087
guides,2088
guitar,2089
guitarist,2090
guitarists,2091
gun,2092
guns,2093
gurdjieff,2094
gurps,2095
guys,2096
gwt,2097
gym,2098
gymnastics,2099
habitat,2100
habitats,2101
habits,2102
hablamos,2103
hackathon,2104
hackers,2105
hackerspaces,2106
hacking,2107
hacksandhackers,2108
hackshackers,2109
hadoop,2110
hafla,2111
hair,2112
haiti,2113
half,2114
halloween,2115
halo,2116
hand,2117
handmade,2118
hands,2119
handsome,2120
hang,2121
hanging,2122
hanh,2123
hannity,2124
happiness,2125
happy,2126
happyhour,2127
hard,2128
hardware,2129
harlem,2130
harley,2131
harmonica,2132
harmony,2133
harriers,2134
harry,2135
harrypotter,2136
harvest,2137
hashing,2138
haskell,2139
hatha,2140
haunted,2141
having,2142
hawaiian,2143
hay,2144
hbase,2145
hcg,2146
hcm,2147
hd,2148
hdr,2149
headaches,2150
heal,2151
healers,2152
healing,2153
health,2154
healthcare,2155
healthfreedom,2156
healthpros,2157
healthy,2158
heart,2159
hearts,2160
heathen,2161
heavy,2162
hebrew,2163
hedge,2164
heights,2165
help,2166
helping,2167
hemp,2168
henna,2169
herbal,2170
herbalism,2171
herbalists,2172
herbs,2173
heritage,2174
hermetic,2175
hicks,2176
high,2177
higher,2178
highly,2179
hightech,2180
hightimes,2181
hike,2182
hikers,2183
hikes,2184
hiking,2185
hill,2186
hills,2187
hillwalking,2188
hindi,2189
hindu,2190
hip,2191
hiphop,2192
hipmama,2193
hippies,2194
hiring,2195
hispana,2196
hispanic,2197
hispanicpros,2198
historic,2199
historical,2200
history,2201
histpreserv,2202
hive,2203
hoarding,2204
hobbies,2205
hobby,2206
hoboken,2207
hockey,2208
hold,2209
holdem,2210
holiday,2211
holidays,2212
holistic,2213
hollywood,2214
home,2215
homeandgarden,2216
homeautomation,2217
homebirth,2218
homebrew,2219
homebuyer,2220
homechurch,2221
homedecorating,2222
homeless,2223
homeopathic,2224
homeopathy,2225
homeremodel,2226
homes,2227
homeschool,2228
homeschooling,2229
homespa,2230
homesteaders,2231
homesteading,2232
honda,2233
hondabikes,2234
hong,2235
hookah,2236
hoop,2237
hoopdance,2238
hoopdancing,2239
hooping,2240
hop,2241
hope,2242
hormone,2243
horrible,2244
horror,2245
horrormovies,2246
horse,2247
horseback,2248
horsemanship,2249
horseracing,2250
horses,2251
horticulture,2252
hospitality,2253
hostels,2254
hot,2255
hotnspicy,2256
hour,2257
hours,2258
house,2259
housemusic,2260
houses,2261
housing,2262
houston,2263
hp,2264
hpc,2265
hr,2266
hr1207,2267
html,2268
html5,2269
hu,2270
hudson,2271
hugs,2272
hula,2273
hulahooping,2274
human,2275
humanesociety,2276
humanism,2277
humanist,2278
humanity,2279
humanitysteam,2280
humanrights,2281
humor,2282
hunger,2283
hunter,2284
hunters,2285
hunting,2286
huntington,2287
hunts,2288
huskies,2289
hustle,2290
hybrid,2291
hybridcars,2292
hydro,2293
hyperactivity,2294
hyperlocal,2295
hypnosis,2296
hypnotherapists,2297
hypnotherapy,2298
ia,2299
iaas,2300
ibd,2301
ibds,2302
ice,2303
iceskating,2304
iching,2305
idea,2306
ideacafe,2307
ideas,2308
identification,2309
identity,2310
idioma,2311
ii,2312
illinois,2313
illness,2314
illuminati,2315
illumination,2316
illustration,2317
illustrator,2318
image,2319
imagery,2320
imaging,2321
imax,2322
immersion,2323
immigrants,2324
immigration,2325
immune,2326
impact,2327
importcar,2328
improv,2329
improvart,2330
improve,2331
improvement,2332
improving,2333
improvisation,2334
improvisational,2335
improvising,2336
improvisors,2337
inbound,2338
inclusive,2339
income,2340
increase,2341
incubation,2342
incubator,2343
inddesign,2344
independence,2345
independent,2346
indepvoter,2347
indesign,2348
india,2349
indian,2350
indiana,2351
indianapolis,2352
indianheritage,2353
indianmusic,2354
indians,2355
indie,2356
indiefilm,2357
indiemusic,2358
indiepublish,2359
indies,2360
indigenous,2361
indigo,2362
indigochildren,2363
individual,2364
indonesian,2365
indoor,2366
industry,2367
indyretail,2368
infant,2369
infants,2370
infj,2371
influence,2372
infographics,2373
informatics,2374
information,2375
informazione,2376
infowar,2377
infp,2378
infrastructure,2379
ingles,2380
inglese,2381
initiation,2382
injury,2383
ink,2384
inland,2385
inline,2386
inlineskating,2387
inner,2388
innovation,2389
innovative,2390
innvoation,2391
inquiry,2392
insanity,2393
inside,2394
insight,2395
inspiration,2396
inspirational,2397
insprofs,2398
institute,2399
instruction,2400
instrumental,2401
instruments,2402
insurance,2403
intdesign,2404
integral,2405
integrated,2406
integration,2407
integrative,2408
intellectual,2409
intellectualprop,2410
intellectuals,2411
intelligence,2412
intelligent,2413
intention,2414
intentional,2415
intentionalcomm,2416
interaction,2417
interactive,2418
intercambio,2419
intercultural,2420
interested,2421
interesting,2422
interests,2423
interface,2424
interfaith,2425
interior,2426
intermediate,2427
intern,2428
internal,2429
international,2430
internet,2431
internetpro,2432
internship,2433
interpretation,2434
interpreting,2435
interracial,2436
intervaltrain,2437
interventionist,2438
interview,2439
interviewing,2440
interviews,2441
intimacy,2442
intj,2443
intlhealth,2444
intlrel,2445
intolerance,2446
intolerant,2447
intp,2448
introduction,2449
introverted,2450
introverts,2451
intuit,2452
intuition,2453
intuitive,2454
intuitives,2455
invasive,2456
invent,2457
invention,2458
inventors,2459
investigating,2460
investigation,2461
investigations,2462
investigators,2463
investing,2464
investment,2465
investments,2466
investor,2467
investors,2468
ios,2469
ipad,2470
iphone,2471
ipod,2472
ira,2473
ireland,2474
irish,2475
islam,2476
island,2477
israel,2478
israeli,2479
issues,2480
italian,2481
italiana,2482
italiani,2483
italiano,2484
italians,2485
italy,2486
itexec,2487
itgreyhound,2488
itpro,2489
ivy,2490
ixd,2491
j2ee,2492
jackson,2493
jam,2494
jambands,2495
jamming,2496
jams,2497
japan,2498
japanese,2499
java,2500
javascript,2501
jazz,2502
jboss,2503
jbs,2504
jcampbell,2505
jcpenneyangel,2506
jeep,2507
jeeps,2508
jeetkunedo,2509
jersey,2510
jesus,2511
jets,2512
jewelry,2513
jewish,2514
jewishparenting,2515
jiujitsu,2516
jkrishnamurti,2517
job,2518
jobhunters,2519
jobs,2520
joe,2521
jogging,2522
joint,2523
jong,2524
jongg,2525
joomla,2526
jose,2527
joss,2528
journaling,2529
journalism,2530
journalists,2531
journey,2532
journeying,2533
journo,2534
joy,2535
joyful,2536
jpop,2537
jquery,2538
jrock,2539
js,2540
judaism,2541
judging,2542
jugger,2543
juggle,2544
jujitsu,2545
just,2546
justice,2547
juststart,2548
jvm,2549
kabbalah,2550
kadampa,2551
kali,2552
kanban,2553
kansas,2554
karaoke,2555
karate,2556
karma,2557
karting,2558
katie,2559
kawasaki,2560
kayak,2561
kayaking,2562
keepers,2563
keeping,2564
kennedy,2565
kenwilber,2566
keough,2567
kettlebell,2568
key,2569
keyboard,2570
ki,2571
kickball,2572
kickboxing,2573
kidlit,2574
kids,2575
kindness,2576
kinds,2577
king,2578
kinky,2579
kirtan,2580
kitchen,2581
kiteboarding,2582
kites,2583
kitesurfing,2584
kittens,2585
kiyoaski,2586
knife,2587
knit,2588
knitters,2589
knitting,2590
knowledge,2591
kong,2592
korea,2593
korean,2594
koreanpop,2595
kriya,2596
kundalini,2597
kung,2598
kungfu,2599
la,2600
labor,2601
labs,2602
labyrinths,2603
ladies,2604
lake,2605
lakes,2606
lama,2607
lampsoftware,2608
lan,2609
land,2610
landlords,2611
landmark,2612
landscape,2613
landscaping,2614
language,2615
languages,2616
langue,2617
lanka,2618
lanparty,2619
large,2620
largedog,2621
larp,2622
las,2623
lasertag,2624
late,2625
latin,2626
latina,2627
latinas,2628
latinmusic,2629
latino,2630
latte,2631
laugh,2632
laughing,2633
laughter,2634
launch,2635
law,2636
lawofattraction,2637
lawofone,2638
laws,2639
lawtech,2640
lawyer,2641
lawyers,2642
lead,2643
leaders,2644
leadership,2645
leads,2646
league,2647
leagues,2648
lean,2649
leap,2650
learn,2651
learndisability,2652
learning,2653
leash,2654
lebanese,2655
lectures,2656
left,2657
legal,2658
legalita,2659
legalization,2660
legalize,2661
legislation,2662
leisure,2663
lending,2664
lesbian,2665
lesbianlit,2666
lesbianmoms,2667
lesbians,2668
lesson,2669
lessons,2670
lets,2671
letting,2672
level,2673
levels,2674
lewisville,2675
lgbt,2676
lgbtfriends,2677
lgbtq,2678
libdem,2679
liberal,2680
liberals,2681
liberta,2682
libertarian,2683
liberties,2684
liberty,2685
libertyforum,2686
libraries,2687
licensing,2688
life,2689
lifecoaching,2690
liferepattern,2691
lifes,2692
lifestyle,2693
lifestyles,2694
lifetransform,2695
lift,2696
light,2697
lighting,2698
lightroom,2699
lightworker,2700
lightworkers,2701
like,2702
limit,2703
limited,2704
lindy,2705
line,2706
linedancing,2707
lingua,2708
linguistic,2709
linguistics,2710
lining,2711
link,2712
linked,2713
linkedin,2714
linux,2715
lipstick,2716
lisp,2717
list,2718
lista,2719
listening,2720
lit,2721
literacy,2722
literary,2723
literatura,2724
literature,2725
litter,2726
littheory,2727
little,2728
live,2729
livejournal,2730
livemusic,2731
lives,2732
living,2733
load,2734
loans,2735
local,2736
locale,2737
localissues,2738
localization,2739
locally,2740
localpolitics,2741
locals,2742
location,2743
locations,2744
lock,2745
logic,2746
logical,2747
lolita,2748
lomo,2749
london,2750
long,2751
longevity,2752
looking,2753
loop,2754
lore,2755
los,2756
lose,2757
losing,2758
loss,2759
lost,2760
lotico,2761
lotr,2762
lotus,2763
louis,2764
louise,2765
lounges,2766
love,2767
loved,2768
lovemaking,2769
lovers,2770
loving,2771
low,2772
lowcarb,2773
lower,2774
lucene,2775
lucid,2776
lucille,2777
ludwig,2778
lunch,2779
lunchclub,2780
lunches,2781
lupus,2782
luxury,2783
lyricists,2784
ma,2785
mac,2786
machine,2787
macintosh,2788
macro,2789
macrobiotic,2790
madden,2791
maga,2792
magazines,2793
mage,2794
magento,2795
magic,2796
magick,2797
magickal,2798
mah,2799
maharshi,2800
mahayana,2801
mahjong,2802
mahjongg,2803
mahout,2804
maintain,2805
maintaining,2806
maintenance,2807
make,2808
makeovers,2809
maker,2810
makers,2811
makerspaces,2812
makeup,2813
making,2814
malaysian,2815
male,2816
males,2817
malt,2818
maltese,2819
mambo,2820
mammoth,2821
man,2822
managed,2823
management,2824
managers,2825
managing,2826
mandarin,2827
mandolinist,2828
manga,2829
manhattan,2830
manifest,2831
manifestation,2832
manifesting,2833
mantra,2834
mantras,2835
manuf,2836
manufacture,2837
manufacturing,2838
map,2839
mapping,2840
mapreduce,2841
maps,2842
marathon,2843
marathons,2844
marco,2845
marietta,2846
marijuana,2847
marin,2848
marine,2849
marital,2850
mark,2851
markers,2852
market,2853
marketers,2854
marketing,2855
markets,2856
marklogic,2857
marriage,2858
marriagesupport,2859
married,2860
marriedwomen,2861
martial,2862
martini,2863
marxism,2864
maryland,2865
masonry,2866
masquerade,2867
massachusetts,2868
massage,2869
master,2870
mastering,2871
mastermind,2872
masterminds,2873
masters,2874
mastery,2875
mastiff,2876
mat,2877
matches,2878
matchmaker,2879
matchmaking,2880
math,2881
mathematics,2882
matrix,2883
matters,2884
mature,2885
maya,2886
mba,2887
mbaatunc,2888
mbti,2889
md,2890
meals,2891
meaning,2892
meat,2893
meats,2894
media,2895
mediabias,2896
mediation,2897
medical,2898
medicinal,2899
medicine,2900
medieval,2901
meditacion,2902
meditate,2903
meditation,2904
meditations,2905
medium,2906
mediumship,2907
medmarijuana,2908
meet,2909
meeting,2910
meetings,2911
meetup,2912
meetup202,2913
meetupevent,2914
meetups,2915
melbourne,2916
members,2917
memoir,2918
memories,2919
men,2920
mens,2921
mensa,2922
menshealth,2923
mental,2924
mentalhealthpro,2925
mentalill,2926
mentor,2927
mentoring,2928
mentors,2929
mentorship,2930
mercury,2931
merengue,2932
meridian,2933
message,2934
messages,2935
messies,2936
metal,2937
metalart,2938
metals,2939
metaphysical,2940
metaphysics,2941
method,2942
methodology,2943
methods,2944
metro,2945
mets,2946
mexican,2947
mexico,2948
mff,2949
miami,2950
michael,2951
michigan,2952
micro,2953
microcontroller,2954
microsft,2955
microsoft,2956
mics,2957
mid,2958
middle,2959
middleware,2960
mideastmusic,2961
mideastpeace,2962
midlife,2963
midwest,2964
military,2965
milk,2966
million,2967
millionaire,2968
milongas,2969
milwaukee,2970
mind,2971
minded,2972
mindful,2973
mindfulness,2974
minds,2975
mingle,2976
mingles,2977
miniature,2978
miniatures,2979
mining,2980
ministry,2981
minnesota,2982
minority,2983
miracles,2984
mississauga,2985
mix,2986
mixed,2987
mixedbreed,2988
mixer,2989
mixers,2990
mixes,2991
mixing,2992
mlm,2993
mma,2994
mmorpg,2995
mob,2996
mobile,2997
mobs,2998
modding,2999
model,3000
modeling,3001
models,3002
modern,3003
modifications,3004
mom,3005
moment,3006
momexchange,3007
mommies,3008
mommy,3009
mompreneurs,3010
moms,3011
momsofteens,3012
momsonamission,3013
momtrepreneurs,3014
monetization,3015
money,3016
mongodb,3017
monica,3018
monitizing,3019
monitoring,3020
monopoly,3021
montgomery,3022
monthly,3023
montreal,3024
moon,3025
morning,3026
mortgage,3027
mosaics,3028
mother,3029
motherlessdaug,3030
mothers,3031
motion,3032
motivated,3033
motivating,3034
motivation,3035
motor,3036
motorcycle,3037
motorcycles,3038
motorcyle,3039
mountain,3040
mountainbikes,3041
mountaineering,3042
mountains,3043
mouth,3044
moved,3045
movement,3046
movie,3047
moviequiz,3048
movies,3049
movimento,3050
moving,3051
mst3k,3052
mswindows,3053
mt,3054
mtb,3055
mtg,3056
muay,3057
multi,3058
multicore,3059
multicultural,3060
multiculturalfam,3061
multifamily,3062
multilingual,3063
multimedia,3064
multiple,3065
mums,3066
munchkin,3067
munro,3068
murder,3069
murdermyst,3070
muscle,3071
museum,3072
museums,3073
mushing,3074
mushrooms,3075
music,3076
musical,3077
musicals,3078
musicbiz,3079
musicians,3080
musictherapy,3081
muslim,3082
muslims,3083
mutts,3084
mutual,3085
mvc,3086
mycology,3087
mysql,3088
mysteries,3089
mystery,3090
mystical,3091
mysticism,3092
mystwrite,3093
myth,3094
mythology,3095
nannies,3096
nanny,3097
nanomonthly,3098
nanotech,3099
napoleon,3100
nappy,3101
nashville,3102
nation,3103
national,3104
nationwide,3105
native,3106
nativeamerican,3107
natural,3108
naturalbuilding,3109
naturalhair,3110
naturalism,3111
naturally,3112
nature,3113
naturism,3114
naturists,3115
naturopathic,3116
navigation,3117
nc,3118
near,3119
neardeathexp,3120
need,3121
needle,3122
needlework,3123
needs,3124
negotiations,3125
nei,3126
neighborhood,3127
neighbors,3128
neo,3129
neo4j,3130
nepal,3131
nerd,3132
nerds,3133
nesters,3134
net,3135
netherlands,3136
netsquared,3137
network,3138
networking,3139
networkmarket,3140
networks,3141
neurolinguistic,3142
neuroscience,3143
nevada,3144
new,3145
newagelit,3146
newbies,3147
newbuddhism,3148
newcareer,3149
newcomers,3150
newintown,3151
newly,3152
newlysingle,3153
newmedia,3154
newparents,3155
news,3156
newtech,3157
newtwork,3158
newurbanism,3159
newwave,3160
nfl,3161
nflfootball,3162
nhat,3163
nhl,3164
nia,3165
nice,3166
niche,3167
nichiren,3168
night,3169
nightclub,3170
nightclubbing,3171
nightlife,3172
nights,3173
nihongo,3174
nikon,3175
ninja,3176
nintendo,3177
nintendowii,3178
nite,3179
nj,3180
njjets,3181
nlp,3182
node,3183
nodejs,3184
noetic,3185
non,3186
nondrinker,3187
nondualism,3188
nonduality,3189
nonfiction,3190
nonprofit,3191
nordic,3192
norml,3193
norse,3194
north,3195
northeast,3196
northern,3197
northwest,3198
norwegian,3199
nos,3200
nosql,3201
note,3202
notes,3203
nourishing,3204
nova,3205
novel,3206
novels,3207
novice,3208
nra,3209
nsba,3210
nude,3211
nudes,3212
nudist,3213
nudists,3214
numerology,3215
nuova,3216
nurse,3217
nursing,3218
nurturing,3219
nutch,3220
nutrition,3221
nutritional,3222
nvidia,3223
nw,3224
ny,3225
nyc,3226
nygiants,3227
oakland,3228
oakville,3229
oath,3230
obama,3231
obedience,3232
obesity,3233
object,3234
objective,3235
objectivism,3236
objects,3237
oc,3238
occasional,3239
occult,3240
occupy,3241
ocd,3242
ocean,3243
office,3244
official,3245
offleash,3246
offroading,3247
ohio,3248
oil,3249
oilawareness,3250
oilinvesting,3251
oils,3252
old,3253
older,3254
oldies,3255
omaha,3256
ona,3257
oneminutemil,3258
oneness,3259
online,3260
onlineed,3261
onlinegaming,3262
onlinemusic,3263
ontology,3264
op,3265
open,3266
opencl,3267
opening,3268
opensource,3269
openstack,3270
openstreetmap,3271
opera,3272
operating,3273
operations,3274
opportunities,3275
oprah,3276
ops,3277
optimization,3278
optional,3279
options,3280
oracle,3281
orange,3282
orchestra,3283
order,3284
oregon,3285
organic,3286
organics,3287
organisers,3288
organization,3289
organizations,3290
organized,3291
organizer,3292
organizers,3293
organizing,3294
oriental,3295
oriented,3296
orienteering,3297
origami,3298
orlando,3299
orleans,3300
orv,3301
os,3302
osho,3303
otherkin,3304
ottawa,3305
ouspensky,3306
outcomes,3307
outdoor,3308
outdoors,3309
outings,3310
outreach,3311
outrigger,3312
outsource,3313
outsourcing,3314
overcome,3315
overcoming,3316
overs,3317
overweightmoms,3318
owl,3319
owned,3320
owner,3321
owners,3322
ownership,3323
oxford,3324
p90x,3325
pa,3326
paas,3327
pack,3328
packers,3329
packrafting,3330
packrats,3331
paddle,3332
paddleboard,3333
paddleboarding,3334
paddling,3335
pagan,3336
paganism,3337
paganparenting,3338
pagans,3339
page,3340
pages,3341
paid,3342
pain,3343
painmanage,3344
paintball,3345
painter,3346
painters,3347
painting,3348
pair,3349
pairing,3350
pairings,3351
pakistan,3352
pakistani,3353
pakistanis,3354
paleo,3355
paleolithic,3356
palestinian,3357
palin,3358
palm,3359
palmistry,3360
palo,3361
pampering,3362
panic,3363
panicdisorders,3364
pannella,3365
pantheist,3366
paper,3367
parallel,3368
paramahansa,3369
paramhansa,3370
paranormal,3371
parapsychology,3372
parellinatural,3373
parent,3374
parenting,3375
parents,3376
paris,3377
park,3378
parkgames,3379
parkour,3380
parks,3381
parlez,3382
parrot,3383
partecipativa,3384
parties,3385
partisan,3386
partner,3387
partners,3388
partnerships,3389
party,3390
partying,3391
pasadena,3392
passion,3393
passions,3394
passive,3395
past,3396
patent,3397
patents,3398
path,3399
pathfinder,3400
pathwork,3401
patients,3402
patriot,3403
patriotism,3404
patriots,3405
patterns,3406
paul,3407
pauls,3408
pay,3409
pc,3410
pdamerica,3411
pdd,3412
peace,3413
peak,3414
peakbagging,3415
peeps,3416
peer,3417
pen,3418
pencil,3419
peninsula,3420
people,3421
percussion,3422
perform,3423
performance,3424
performances,3425
performing,3426
perl,3427
permaculture,3428
permit,3429
persian,3430
personal,3431
personalgrowth,3432
personality,3433
personaltrain,3434
persuasion,3435
perth,3436
pet,3437
petadoption,3438
petersburg,3439
petprofessionals,3440
pets,3441
petsitter,3442
pettherapy,3443
pfizer,3444
phdstudents,3445
philadelphia,3446
philanthropy,3447
phillies,3448
philly,3449
philosophy,3450
philosophynow,3451
phobias,3452
phoenix,3453
phone,3454
phonegap,3455
photo,3456
photographer,3457
photographers,3458
photographic,3459
photographing,3460
photographs,3461
photography,3462
photojournalism,3463
photos,3464
photoshop,3465
photosig,3466
photowalk,3467
photowalks,3468
php,3469
physical,3470
physicaltherapy,3471
physician,3472
physics,3473
pianists,3474
piano,3475
pick,3476
pickup,3477
pickupsoccer,3478
picnics,3479
pictionary,3480
pictures,3481
piero,3482
pig,3483
pilates,3484
piloting,3485
pilots,3486
pin,3487
pinellas,3488
ping,3489
pingpong,3490
pinochle,3491
pirates,3492
pistol,3493
pit,3494
pitch,3495
pitching,3496
pittsburgh,3497
pizza,3498
place,3499
placement,3500
places,3501
plan,3502
planetary,3503
planners,3504
planning,3505
plans,3506
plant,3507
plants,3508
platform,3509
platforms,3510
play,3511
playdates,3512
players,3513
playgroup,3514
playgroups,3515
playing,3516
playreading,3517
plays,3518
playstation,3519
playwrights,3520
pleiadian,3521
plein,3522
plone,3523
plugins,3524
plus,3525
podcasting,3526
poetic,3527
poetry,3528
poets,3529
poi,3530
point,3531
poker,3532
pole,3533
poles,3534
police,3535
policy,3536
polish,3537
politica,3538
political,3539
politicalcafe,3540
politics,3541
polyamory,3542
polymerclay,3543
pomeranian,3544
pong,3545
poodle,3546
pool,3547
poor,3548
pop,3549
popular,3550
portfolio,3551
portland,3552
portrait,3553
portraits,3554
portraiture,3555
portuguese,3556
portuguesse,3557
position,3558
positive,3559
post,3560
postgresql,3561
postmodern,3562
postnatal,3563
pot,3564
potential,3565
potluck,3566
potlucks,3567
potter,3568
pottery,3569
poultry,3570
poverty,3571
power,3572
powerful,3573
ppc,3574
practical,3575
practice,3576
practices,3577
practicing,3578
praise,3579
pranayama,3580
pranic,3581
prayer,3582
prculture,3583
pre,3584
precious,3585
predictive,3586
pregnancy,3587
pregnant,3588
premier,3589
prenatal,3590
prep,3591
preparation,3592
prepare,3593
preparedness,3594
preschoolers,3595
presence,3596
present,3597
presentation,3598
presentations,3599
preservation,3600
president,3601
pressure,3602
prevention,3603
preventive,3604
primal,3605
primitive,3606
principles,3607
print,3608
printing,3609
private,3610
pro,3611
proaudio,3612
problem,3613
problems,3614
process,3615
processing,3616
procrastinator,3617
proctor,3618
prodev,3619
produce,3620
producers,3621
produces,3622
product,3623
productdesign,3624
production,3625
productivity,3626
products,3627
proengineer,3628
professional,3629
professionalorganizer,3630
professionals,3631
profit,3632
profitable,3633
profits,3634
progmuslim,3635
program,3636
programmers,3637
programming,3638
programs,3639
progressive,3640
progressiveconcerns,3641
progressives,3642
project,3643
projection,3644
projectmgmt,3645
projects,3646
prolife,3647
promote,3648
promotion,3649
pronunciation,3650
properties,3651
property,3652
pros,3653
prose,3654
prospect,3655
prospecting,3656
prosperity,3657
protecting,3658
protection,3659
prototyping,3660
provoking,3661
ps3,3662
psychedelic,3663
psychic,3664
psychics,3665
psychoanalysis,3666
psychologists,3667
psychology,3668
psychotherapists,3669
psychotherapy,3670
ptsd,3671
pua,3672
pub,3673
pubblica,3674
pubit,3675
public,3676
publicrelations,3677
publicspeaking,3678
publish,3679
published,3680
publishers,3681
publishing,3682
pubs,3683
puertorico,3684
pug,3685
puggle,3686
pugs,3687
punjabi,3688
punk,3689
puppies,3690
puppy,3691
purchasing,3692
pure,3693
purpose,3694
push,3695
pwc,3696
python,3697
qa,3698
qabalah,3699
qi,3700
qigong,3701
qt,3702
quality,3703
quantified,3704
quantum,3705
queens,3706
queer,3707
queerbooks,3708
questioningrel,3709
questions,3710
quickbooks,3711
quidditch,3712
quilting,3713
quit,3714
quitsmoke,3715
quiz,3716
race,3717
racerelations,3718
races,3719
racing,3720
racket,3721
racquetball,3722
radical,3723
radio,3724
radiobroadcast,3725
rafting,3726
rail,3727
rails,3728
rainbow,3729
rainbowfamily,3730
raise,3731
raising,3732
raleigh,3733
rally,3734
ramana,3735
random,3736
rangers,3737
rap,3738
rappelling,3739
raqs,3740
rat,3741
rational,3742
rationalism,3743
raton,3744
ravens,3745
raves,3746
raw,3747
rawfood,3748
rdf,3749
reach,3750
read,3751
readers,3752
readiness,3753
reading,3754
readings,3755
ready,3756
real,3757
realestate,3758
realestateagent,3759
reality,3760
realization,3761
really,3762
realms,3763
realtors,3764
reason,3765
reasoning,3766
recent,3767
recently,3768
recipes,3769
recognition,3770
reconnection,3771
reconnective,3772
reconst,3773
record,3774
recording,3775
records,3776
recovering,3777
recovery,3778
recreation,3779
recreational,3780
recruiter,3781
recruiting,3782
recycle,3783
recycled,3784
recycling,3785
red,3786
reddit,3787
redesign,3788
redis,3789
redskins,3790
redsox,3791
reduce,3792
reduction,3793
referral,3794
referrals,3795
reflexology,3796
reform,3797
reggae,3798
region,3799
regression,3800
rehabbing,3801
reiki,3802
reincarnation,3803
reinvention,3804
reisantabarbara,3805
reisoho,3806
reladvice,3807
related,3808
relations,3809
relationship,3810
relationships,3811
relaxation,3812
relaxing,3813
release,3814
releasing,3815
relief,3816
religion,3817
religions,3818
religious,3819
relocating,3820
remedies,3821
remodeling,3822
remote,3823
remoteviewing,3824
renaissance,3825
renaissancefaire,3826
renewable,3827
renovation,3828
rental,3829
reo,3830
reos,3831
repeal,3832
reporting,3833
republic,3834
republican,3835
republicans,3836
reputation,3837
rescue,3838
research,3839
residential,3840
residents,3841
residual,3842
resilience,3843
resolution,3844
resource,3845
resources,3846
response,3847
responsibility,3848
responsible,3849
restaurant,3850
restaurants,3851
restoration,3852
restorative,3853
restoring,3854
restowner,3855
resume,3856
resumes,3857
retail,3858
retailer,3859
retire,3860
retired,3861
retirees,3862
retirement,3863
retouching,3864
retreat,3865
retreats,3866
retrieval,3867
retro,3868
return,3869
reuse,3870
revolution,3871
rheumatoid,3872
rhythm,3873
rhythms,3874
ria,3875
riak,3876
rich,3877
richmond,3878
ride,3879
riders,3880
rides,3881
riding,3882
rifiuti,3883
rifle,3884
right,3885
rights,3886
rightsforall,3887
rinnovabili,3888
rinpoche,3889
rio,3890
risk,3891
ritual,3892
rituals,3893
river,3894
rivers,3895
rlc,3896
rlhl,3897
road,3898
roadlesstraveled,3899
roads,3900
roadtrips,3901
robbins,3902
robert,3903
robotics,3904
robots,3905
rock,3906
rockabilly,3907
rockclimbing,3908
rods,3909
role,3910
roleplayers,3911
roleplaying,3912
roll,3913
roller,3914
rollerskating,3915
romance,3916
romanian,3917
romantic,3918
rome,3919
ron,3920
ronpaul,3921
roommate,3922
roots,3923
rosicrucian,3924
rotaract,3925
round,3926
routines,3927
rowing,3928
rpg,3929
rpgs,3930
rsi,3931
rubber,3932
rubberstamp,3933
ruby,3934
rueda,3935
rugby,3936
run,3937
runes,3938
runners,3939
running,3940
runnning,3941
runs,3942
runway,3943
rushlim,3944
russian,3945
russians,3946
saas,3947
sacramento,3948
sacred,3949
safe,3950
safety,3951
safewater,3952
sahaja,3953
sahd,3954
sahm,3955
sahp,3956
sahw,3957
sail,3958
sailboat,3959
sailing,3960
sake,3961
salary,3962
sale,3963
sales,3964
salesforce,3965
salon,3966
salons,3967
salsa,3968
salt,3969
saltwater,3970
salvage,3971
salves,3972
samba,3973
san,3974
sand,3975
sangha,3976
sanskrit,3977
santa,3978
sarah,3979
sarasota,3980
satc,3981
satsang,3982
saturday,3983
saving,3984
savvy,3985
sca,3986
scala,3987
scalability,3988
scandinavian,3989
scavenger,3990
scene,3991
scenic,3992
school,3993
schools,3994
sci,3995
science,3996
sciences,3997
scientific,3998
scifi,3999
scifiwriting,4000
scooter,4001
scotch,4002
scotland,4003
scottish,4004
scottsdale,4005
scout,4006
scrabble,4007
scrambling,4008
scrapbook,4009
scrapbooking,4010
screen,4011
screening,4012
screenwriters,4013
screenwriting,4014
script,4015
scrum,4016
scuba,4017
sculpting,4018
sculpture,4019
sea,4020
seakayaking,4021
sealliance,4022
search,4023
seattle,4024
second,4025
secondlife,4026
secret,4027
secrets,4028
secular,4029
secularhumanism,4030
secularism,4031
security,4032
sedona,4033
seduction,4034
seed,4035
seeing,4036
seekers,4037
selenium,4038
self,4039
selfdefense,4040
sell,4041
seller,4042
sellers,4043
selling,4044
sem,4045
semantic,4046
seminar,4047
seminars,4048
semweb,4049
sencha,4050
senior,4051
seniors,4052
sense,4053
sensitive,4054
sensual,4055
sensuality,4056
seo,4057
seoul,4058
separated,4059
separation,4060
serenity,4061
series,4062
servebyamex,4063
server,4064
serversidejs,4065
service,4066
servicedog,4067
services,4068
session,4069
sessions,4070
set,4071
sethmaterial,4072
setting,4073
settlers,4074
sew,4075
sewing,4076
sex,4077
sexual,4078
sexuality,4079
sexy,4080
sf,4081
shadow,4082
shadowrun,4083
shag,4084
shakespeare,4085
shamanic,4086
shamanism,4087
shamatha,4088
shambhala,4089
shape,4090
share,4091
shared,4092
sharepoint,4093
shares,4094
sharing,4095
shark,4096
sharqi,4097
shelter,4098
shibainu,4099
shihtzu,4100
shoot,4101
shooting,4102
shoots,4103
shop,4104
shopping,4105
shore,4106
short,4107
shorts,4108
shotgun,4109
shows,4110
shui,4111
shutterfly,4112
shy,4113
shyness,4114
siberian,4115
siberianhusky,4116
sid,4117
sierraclub,4118
sightseeing,4119
sign,4120
signing,4121
sikh,4122
silicon,4123
silver,4124
silverlake,4125
silverlight,4126
simple,4127
simplicity,4128
simplyorange,4129
sing,4130
singapore,4131
singaporeans,4132
singers,4133
singing,4134
single,4135
singleparents,4136
singles,4137
singularity,4138
sisterhood,4139
sisters,4140
sit,4141
site,4142
sites,4143
size,4144
sized,4145
ska,4146
skateboarding,4147
skating,4148
skeet,4149
skeptical,4150
skepticism,4151
skeptics,4152
sketch,4153
sketching,4154
ski,4155
skiers,4156
skiing,4157
skills,4158
skin,4159
skincare,4160
skydiving,4161
slacklining,4162
slammers,4163
slavery,4164
sleepdisorders,4165
slim,4166
slope,4167
slovak,4168
slow,4169
slr,4170
small,4171
smallbiz,4172
smallbreeddogs,4173
smart,4174
smoking,4175
smooth,4176
snorkeling,4177
snow,4178
snowboard,4179
snowboarders,4180
snowboarding,4181
snowmobiling,4182
snowshoe,4183
snowshoeing,4184
snowsports,4185
soapmaking,4186
sober,4187
sobriety,4188
socal,4189
soccer,4190
social,4191
sociale,4192
socialising,4193
socialism,4194
socialization,4195
socialize,4196
socializers,4197
socializing,4198
socially,4199
socialnetwork,4200
socials,4201
socialscience,4202
socialsoftware,4203
socialwork,4204
society,4205
sociology,4206
socratescafe,4207
softball,4208
software,4209
softwaredev,4210
soho,4211
soil,4212
solar,4213
solidale,4214
solo,4215
solopreneurs,4216
solos,4217
solr,4218
solutions,4219
solving,4220
somethings,4221
songs,4222
songwriters,4223
sophisticated,4224
sostenibile,4225
soul,4226
soulcollage,4227
soulmate,4228
souls,4229
sound,4230
source,4231
south,4232
southeast,4233
southern,4234
sovereignty,4235
sox,4236
sp,4237
spa,4238
space,4239
spades,4240
spain,4241
spaniel,4242
spanish,4243
spas,4244
spatial,4245
spclneedsparents,4246
speak,4247
speaker,4248
speakers,4249
speaking,4250
spearfishing,4251
special,4252
specialed,4253
specialty,4254
spectrum,4255
speculative,4256
speech,4257
speed,4258
spinners,4259
spinning,4260
spiraldynamics,4261
spirit,4262
spiritatwork,4263
spiritcinema,4264
spirits,4265
spiritual,4266
spiritualism,4267
spirituality,4268
spirtuality,4269
splendasweetenerproducts,4270
spoken,4271
spontaneous,4272
sport,4273
sportbike,4274
sportbikes,4275
sporting,4276
sports,4277
sportsfans,4278
sportsracer,4279
spouses,4280
sprache,4281
spring,4282
springs,4283
sproutcore,4284
sql,4285
sqlserver,4286
square,4287
squaredance,4288
squash,4289
sri,4290
st,4291
stack,4292
staff,4293
staffordshire,4294
staffordterrier,4295
stage,4296
staging,4297
stammtisch,4298
stampin,4299
stamping,4300
stampinup,4301
stand,4302
standard,4303
standards,4304
standbyisrael,4305
standup,4306
stanford,4307
star,4308
starcraft,4309
stargate,4310
stargazing,4311
starseeds,4312
start,4313
started,4314
starting,4315
startrek,4316
startup,4317
startups,4318
starwars,4319
starwarsrpg,4320
state,4321
states,4322
statistical,4323
statistics,4324
stay,4325
staying,4326
steampunk,4327
steeler,4328
steelers,4329
stelle,4330
step,4331
stepparent,4332
steppers,4333
stepping,4334
stewardship,4335
stick,4336
stitch,4337
stock,4338
stocks,4339
stomper,4340
stones,4341
stop,4342
stoppatriotact,4343
storage,4344
store,4345
stories,4346
story,4347
storytelling,4348
straightedge,4349
strategic,4350
strategie,4351
strategies,4352
strategy,4353
stream,4354
streaming,4355
streams,4356
street,4357
strength,4358
stress,4359
stretching,4360
strobist,4361
stroller,4362
strollers,4363
strong,4364
students,4365
studies,4366
studio,4367
studios,4368
study,4369
studying,4370
stuff,4371
style,4372
stylenetwork,4373
styling,4374
stylists,4375
subject,4376
submission,4377
suburbs,4378
succeed,4379
success,4380
successful,4381
sudarshan,4382
sufficiency,4383
sufi,4384
sufism,4385
suite,4386
sum,4387
summer,4388
sun,4389
sunday,4390
sup,4391
super,4392
supercomputing,4393
superhero,4394
supernatural,4395
supper,4396
supplements,4397
support,4398
supported,4399
supporters,4400
supporting,4401
surf,4402
surfing,4403
surrey,4404
surround,4405
survival,4406
survivalism,4407
surviving,4408
survivors,4409
sushi,4410
sustainability,4411
sustainable,4412
sutra,4413
suzuki,4414
sviluppo,4415
swap,4416
swapping,4417
swedish,4418
swimming,4419
swing,4420
swingdancing,4421
swingers,4422
switzerland,4423
sword,4424
sydney,4425
symphony,4426
syndrome,4427
sysadmin,4428
systems,4429
table,4430
tablet,4431
tabletop,4432
taboo,4433
tacoma,4434
tactical,4435
taekwondo,4436
tagalog,4437
tai,4438
taichi,4439
taiji,4440
taijiquan,4441
tailgating,4442
taiwan,4443
taiwanese,4444
talent,4445
talk,4446
talking,4447
talks,4448
tall,4449
tampa,4450
tango,4451
tank,4452
tantra,4453
tantric,4454
tao,4455
taoism,4456
taoist,4457
tap,4458
tapping,4459
targetshooting,4460
tarot,4461
taste,4462
tasting,4463
tastings,4464
tax,4465
taxes,4466
taxonomy,4467
taxquestions,4468
taxreform,4469
te,4470
tea,4471
teacher,4472
teachers,4473
teaching,4474
teachingabroad,4475
teachings,4476
team,4477
teas,4478
tech,4479
techcert,4480
technical,4481
technique,4482
techniques,4483
techno,4484
technological,4485
technologies,4486
technology,4487
techwriter,4488
ted,4489
teenagers,4490
teens,4491
telecom,4492
telecommuters,4493
telemark,4494
telescopes,4495
television,4496
telling,4497
tennessee,4498
tennis,4499
tequila,4500
term,4501
terrier,4502
test,4503
testing,4504
texas,4505
text,4506
textilearts,4507
thai,4508
thailand,4509
the912project,4510
theater,4511
theaterind,4512
theaters,4513
theatre,4514
theatrical,4515
thelema,4516
theme,4517
themed,4518
themes,4519
theology,4520
theory,4521
therapeutic,4522
therapists,4523
therapy,4524
theravada,4525
thermal,4526
theta,4527
thich,4528
things,4529
think,4530
thinkers,4531
thinking,4532
thirtysomething,4533
thought,4534
thoughts,4535
thriftshoppers,4536
thrill,4537
thursday,4538
thyroid,4539
tibetan,4540
tichu,4541
ticket,4542
time,4543
times,4544
tips,4545
titanium,4546
toastmasters,4547
toddler,4548
toddlers,4549
togethers,4550
tokyo,4551
tolkien,4552
tolle,4553
toltec,4554
toning,4555
tony,4556
tool,4557
toolkit,4558
tools,4559
toolset,4560
topics,4561
torah,4562
torchwood,4563
toronto,4564
total,4565
touch,4566
tough,4567
tour,4568
touring,4569
tourism,4570
tourists,4571
tournament,4572
tournaments,4573
tours,4574
town,4575
townhall,4576
toy,4577
toydog,4578
toyota,4579
toys,4580
track,4581
tracking,4582
trade,4583
trademark,4584
trader,4585
traders,4586
trading,4587
tradition,4588
traditional,4589
traditionalvalues,4590
traditions,4591
traffic,4592
trafficking,4593
trail,4594
trails,4595
train,4596
training,4597
trance,4598
trans,4599
transformation,4600
transgender,4601
transhumanism,4602
transition,4603
transitioning,4604
transitions,4605
translator,4606
transmedia,4607
transpersonal,4608
transplants,4609
transportation,4610
trap,4611
trash,4612
trasporti,4613
trauma,4614
travel,4615
travelers,4616
traveling,4617
treasure,4618
treatment,4619
tree,4620
trek,4621
trekking,4622
trends,4623
trendy,4624
triathlete,4625
triathlon,4626
tribal,4627
tried,4628
trip,4629
trips,4630
triscuithomefarming,4631
trivia,4632
trucks,4633
true,4634
trungpa,4635
trust,4636
truth,4637
try,4638
trying,4639
tubing,4640
tuners,4641
turbo,4642
turbofire,4643
turismo,4644
turkish,4645
tutor,4646
tutoring,4647
tv,4648
tvproduction,4649
tweetup,4650
twin,4651
twitter,4652
tx,4653
type,4654
types,4655
typography,4656
uae,4657
ubuntu,4658
ufc,4659
ufo,4660
ufology,4661
ufos,4662
ui,4663
uk,4664
ukrainian,4665
ukulele,4666
ultimate,4667
ultimatefrisbee,4668
ultra,4669
unconditional,4670
und,4671
underearnwmn,4672
underground,4673
understanding,4674
underwater,4675
unemployed,4676
unemployment,4677
unique,4678
unitarian,4679
unitarians,4680
united,4681
unity,4682
universal,4683
universalism,4684
university,4685
unix,4686
unsignedband,4687
unusual,4688
uplifting,4689
upper,4690
ups,4691
upscale,4692
uptown,4693
urban,4694
urbanexplor,4695
urbanistica,4696
urdu,4697
usa,4698
usability,4699
usconstitution,4700
use,4701
user,4702
users,4703
using,4704
utah,4705
ux,4706
va,4707
vacation,4708
vacations,4709
vaiw,4710
vajrayana,4711
valley,4712
value,4713
values,4714
vampires,4715
vancouver,4716
vanys,4717
vb,4718
vc,4719
vedanta,4720
vedic,4721
vegan,4722
veganism,4723
vegans,4724
vegas,4725
vegetable,4726
vegetables,4727
vegetarian,4728
vegetarianism,4729
vegetarians,4730
vendor,4731
vendors,4732
venice,4733
venture,4734
ventures,4735
venues,4736
venus,4737
vespas,4738
veterans,4739
veterinary,4740
vets,4741
vibration,4742
vibrational,4743
victoria,4744
victorian,4745
victory,4746
video,4747
videoblog,4748
videogame,4749
videogames,4750
videographer,4751
videographers,4752
videography,4753
videos,4754
vietnamese,4755
view,4756
viewing,4757
village,4758
vintage,4759
vintagecars,4760
vintageclothing,4761
vintmotos,4762
vinyasa,4763
viola,4764
violent,4765
violin,4766
vip,4767
vipassana,4768
viral,4769
virginia,4770
virtual,4771
virtualization,4772
vision,4773
visionary,4774
visits,4775
vista,4776
visual,4777
visualization,4778
vitamin,4779
vocal,4780
vocalists,4781
voice,4782
voiceacting,4783
volleyball,4784
volunteer,4785
volunteering,4786
volunteerism,4787
volunteers,4788
von,4789
vote,4790
vs,4791
wahm,4792
wake,4793
wakeboarding,4794
wakeskating,4795
wakesurfing,4796
walk,4797
walkers,4798
walking,4799
walks,4800
wall,4801
wallyball,4802
waltz,4803
wam,4804
wanna,4805
want,4806
waprice,4807
war,4808
warcraft,4809
warehouses,4810
wargame,4811
wargames,4812
wargaming,4813
warhammer,4814
warm,4815
warmachine,4816
warrior,4817
washington,4818
waste,4819
watch,4820
watching,4821
water,4822
watercolor,4823
waterfalls,4824
waterski,4825
waterskiing,4826
watersports,4827
watts,4828
waves,4829
way,4830
ways,4831
wbasketball,4832
wealth,4833
weapons,4834
wearing,4835
weavers,4836
weaving,4837
web,4838
webcms,4839
webcomics,4840
webcomm,4841
webdesign,4842
webinars,4843
webmasters,4844
webos,4845
website,4846
websites,4847
websocket,4848
webstandards,4849
wedding,4850
weddings,4851
weddingvendor,4852
weekday,4853
weekend,4854
weekends,4855
weight,4856
weightlifting,4857
weightloss,4858
weightwatchers,4859
welcome,4860
welfare,4861
wellbeing,4862
wellington,4863
wellnes,4864
wellness,4865
werewolf,4866
west,4867
westchester,4868
western,4869
westies,4870
westside,4871
whedon,4872
whedonesque,4873
wheel,4874
wheeling,4875
whiskey,4876
whisky,4877
white,4878
whitehat,4879
whitesox,4880
whitewater,4881
whitewolf,4882
wholefood,4883
wholesaling,4884
wicca,4885
wiccan,4886
widow,4887
widowed,4888
widowers,4889
widows,4890
wie,4891
wiffleball,4892
wild,4893
wilderness,4894
wildlife,4895
williamsburg,4896
win,4897
wind,4898
windows,4899
wine,4900
winelovers,4901
winery,4902
wines,4903
winetasting,4904
wing,4905
wingatebywyndham,4906
wingman,4907
winter,4908
wire,4909
wireless,4910
wisdom,4911
wisdombusinessnetwork,4912
wish,4913
witch,4914
witchcraft,4915
witches,4916
witi,4917
wod,4918
woman,4919
womans,4920
women,4921
womeninblack,4922
womens,4923
womensports,4924
womenvoters,4925
woodwork,4926
word,4927
wordgaming,4928
wordpress,4929
work,4930
workathome,4931
workers,4932
workflow,4933
working,4934
workingmoms,4935
workout,4936
workouts,4937
works,4938
workshop,4939
workshops,4940
workspace,4941
workwmn,4942
world,4943
worldhistory,4944
worldmusic,4945
worldreligions,4946
worlds,4947
worldwide,4948
worm,4949
worship,4950
worth,4951
wotcmini,4952
wow,4953
wpf,4954
wrecks,4955
wrestling,4956
write,4957
writers,4958
writersblock,4959
writing,4960
wwdyer,4961
xbox,4962
xc,4963
xhtml,4964
xna,4965
xp,4966
yacht,4967
yachting,4968
yamaha,4969
yankee,4970
yankees,4971
yarn,4972
yarnswap,4973
year,4974
years,4975
yes,4976
yin,4977
ymoyl,4978
yoga,4979
yogananda,4980
york,4981
yorkie,4982
yorkies,4983
young,4984
youngdems,4985
younger,4986
youngrepublicans,4987
youth,4988
youtube,4989
zealand,4990
zeitgeist,4991
zen,4992
zend,4993
zero,4994
zip,4995
zombies,4996
zoos,4997
zouk,4998
zumba,4999
